Mean Height,0.0563623
Mean Width,0.122022
Mean Depth,0.127026
Covariance Matrix
0.000178678,0.000105594,0.000134016
0.000105594,0.000125965,0.000141842
0.000134016,0.000141842,0.000170599
